Customer ID,First Name,Last Name,Age,Gender,Address,City,Contact Number,Email,Account Type,Account Balance,Date Of Account Opening,Last Transaction Date,TransactionID,Transaction Date,Transaction Type,Transaction Amount,Account Balance After Transaction,Branch ID,Loan ID,Loan Amount,Loan Type,Interest Rate,Loan Term,Approval/Rejection Date,Loan Status,CardID,Card Type,Credit Limit,Credit Card Balance,Minimum Payment Due,Payment Due Date,Last Credit Card Payment Date,Rewards Points,Feedback ID,Feedback Date,Feedback Type,Resolution Status,Resolution Date,Anomaly
1,Joshua,Hall,45,Male,Address_1,Fort Worth,19458794854,joshua.hall@kag.com,Current,1313.38,5/26/2006,4/23/2023,1,12/7/2023,Withdrawal,1457.61,2770.99,43,1,32200.06,Mortgage,2.64,36,5/11/2021,Rejected,1,AMEX,1737.88,4524.32,226.22,11/26/2023,3/20/2023,8142,1,10/6/2023,Suggestion,Resolved,1/22/2023,1
2,Mark,Taylor,47,Female,Address_2,Louisville,19458794855,mark.taylor@kag.com,Current,5988.46,3/2/2006,1/27/2023,2,4/27/2023,Deposit,1660.99,7649.45,63,2,47743.52,Auto,2.48,36,7/30/2020,Approved,2,MasterCard,1799.36,856.7,42.84,11/5/2023,6/16/2023,4306,2,4/7/2023,Complaint,Resolved,8/27/2023,1
3,Joseph,Flores,25,Female,Address_3,Philadelphia,19458794856,joseph.flores@kag.com,Current,8277.88,7/19/2015,1/1/2023,3,4/5/2023,Deposit,839.91,7437.97,82,3,47981.31,Auto,7.84,24,1/17/2021,Closed,3,AMEX,6112.96,3242.36,162.12,1/8/2023,3/20/2023,4842,3,9/7/2023,Praise,Pending,5/11/2023,1
4,Kevin,Lee,52,Other,Address_4,Oklahoma City,19458794857,kevin.lee@kag.com,Savings,7487.21,1/30/2008,8/2/2023,4,7/28/2023,Withdrawal,4908.89,12396.1,41,4,4482.8,Personal,7.21,48,2/15/2022,Approved,4,MasterCard,2069.41,4329.17,216.46,9/8/2023,10/15/2023,9463,4,5/28/2023,Complaint,Resolved,7/5/2023,1
5,Linda,Johnson,68,Other,Address_5,Phoenix,19458794858,linda.johnson@kag.com,Savings,6993.55,5/25/2021,3/27/2023,5,1/16/2023,Transfer,589.07,6404.48,9,5,1092.33,Mortgage,5.37,12,7/31/2020,Approved,5,Visa,2765.3,25.72,1.29,3/4/2023,7/27/2023,2209,5,2/12/2023,Complaint,Resolved,11/21/2023,1
6,Charles,Torres,52,Male,Address_6,El Paso,19458794859,charles.torres@kag.com,Savings,9295.64,12/21/2015,6/4/2023,6,4/21/2023,Withdrawal,4914.67,4380.97,20,6,48039.24,Mortgage,1.45,24,11/14/2020,Closed,6,AMEX,8029.18,1331.7,66.59,5/13/2023,11/16/2023,478,6,8/6/2023,Praise,Resolved,7/23/2023,1
7,Joshua,Garcia,43,Male,Address_7,Dallas,19458794860,joshua.garcia@kag.com,Current,4005.72,7/7/2022,3/21/2023,7,11/22/2023,Deposit,3534.9,470.82,21,7,27230.51,Mortgage,5.25,24,1/26/2020,Approved,7,MasterCard,2996.82,1441.65,72.08,3/16/2023,10/9/2023,5745,7,8/20/2023,Complaint,Pending,7/31/2023,1
8,Christopher,Baker,47,Male,Address_8,Memphis,19458794861,christopher.baker@kag.com,Savings,1458.45,12/14/2022,3/1/2023,8,8/10/2023,Deposit,454.87,1003.58,25,8,35319.63,Mortgage,8.51,12,10/21/2020,Approved,8,AMEX,4470.78,3450.21,172.51,7/23/2023,7/18/2023,5559,8,8/30/2023,Complaint,Pending,12/19/2023,1
9,Daniel,Moore,52,Male,Address_9,Indianapolis,19458794862,daniel.moore@kag.com,Current,1109.3,4/29/2012,11/5/2023,9,9/28/2023,Withdrawal,768.56,340.74,66,9,45717.26,Mortgage,1.1,60,12/17/2022,Rejected,9,AMEX,4349.57,3227.18,161.36,11/28/2023,9/25/2023,4432,9,2/10/2023,Suggestion,Pending,7/12/2023,-1
10,William,Robinson,55,Other,Address_10,Washington,19458794863,william.robinson@kag.com,Current,9554.62,12/20/2021,2/5/2023,10,12/29/2023,Deposit,1641.59,11196.21,30,10,22224.58,Auto,1.92,24,9/11/2021,Closed,10,Visa,4961.44,2765.38,138.27,11/15/2023,1/7/2023,8226,10,10/20/2023,Complaint,Resolved,4/30/2023,1
11,William,Perez,28,Male,Address_11,San Diego,19458794864,william.perez@kag.com,Savings,5930.75,8/12/2015,10/18/2023,11,6/8/2023,Withdrawal,1309.13,7239.88,72,11,22592.01,Personal,8.28,60,11/20/2022,Rejected,11,Visa,4782.39,4564.25,228.21,6/7/2023,3/3/2023,4624,11,5/1/2023,Complaint,Pending,9/19/2023,1
12,Nancy,Allen,37,Female,Address_12,Oklahoma City,19458794865,nancy.allen@kag.com,Current,8126.85,9/13/2005,10/16/2023,12,4/4/2023,Deposit,4865.91,12992.76,25,12,9182.1,Auto,5.73,48,7/29/2020,Approved,12,AMEX,5697.31,4935.07,246.75,11/17/2023,12/28/2023,3488,12,8/24/2023,Complaint,Pending,5/3/2023,1
13,Margaret,Robinson,63,Female,Address_13,Columbus,19458794866,margaret.robinson@kag.com,Savings,5402.04,11/13/2010,11/21/2023,13,12/2/2023,Deposit,3070.58,8472.62,94,13,45385.59,Auto,6.96,36,9/20/2021,Approved,13,Visa,5776.68,339.59,16.98,7/17/2023,1/13/2023,2102,13,2/22/2023,Praise,Resolved,1/13/2023,1
14,Michelle,Taylor,48,Female,Address_14,Colorado Springs,19458794867,michelle.taylor@kag.com,Savings,4045.09,8/14/2014,12/29/2023,14,10/27/2023,Transfer,381.21,4426.3,30,14,32735.99,Auto,7.71,48,12/21/2022,Approved,14,Visa,3018.46,4357.95,217.9,5/28/2023,9/29/2023,4833,14,11/16/2023,Praise,Resolved,5/5/2023,1
15,Nancy,Nelson,51,Other,Address_15,Atlanta,19458794868,nancy.nelson@kag.com,Savings,2082.67,9/16/2015,6/24/2023,15,6/13/2023,Withdrawal,2631.77,-549.1,77,15,9833.19,Mortgage,3.7,36,12/6/2022,Closed,15,AMEX,2345.93,1066.61,53.33,12/28/2023,5/23/2023,4769,15,10/26/2023,Suggestion,Pending,9/23/2023,1
16,Michael,Young,29,Male,Address_16,Fresno,19458794869,michael.young@kag.com,Savings,8578.44,10/2/2016,12/20/2023,16,10/23/2023,Transfer,4486.73,13065.17,31,16,28429.81,Mortgage,3.68,24,12/11/2021,Approved,16,Visa,2673.1,770.74,38.54,2/2/2023,1/3/2023,7000,16,11/25/2023,Complaint,Pending,5/23/2023,1
17,Lisa,Adams,65,Female,Address_17,Austin,19458794870,lisa.adams@kag.com,Current,728.8,7/7/2006,12/18/2023,17,11/15/2023,Transfer,2086.75,2815.55,96,17,17080.03,Auto,3.38,36,12/15/2022,Rejected,17,AMEX,2838.82,3905.1,195.26,4/20/2023,10/19/2023,2437,17,5/31/2023,Suggestion,Pending,5/1/2023,1
18,Mary,Wilson,45,Female,Address_18,Omaha,19458794871,mary.wilson@kag.com,Savings,9012.31,8/12/2019,3/30/2023,18,9/12/2023,Deposit,3333.99,5678.32,36,18,8211.92,Auto,2.51,12,2/23/2022,Closed,18,MasterCard,8388.99,3165.21,158.26,8/10/2023,11/12/2023,5109,18,2/23/2023,Praise,Resolved,6/3/2023,1
19,Nancy,Martinez,20,Other,Address_19,Tucson,19458794872,nancy.martinez@kag.com,Current,2129.63,8/18/2005,2/28/2023,19,11/15/2023,Withdrawal,3868.23,-1738.6,41,19,9911.6,Personal,3.74,12,6/5/2022,Rejected,19,AMEX,9371.27,299.03,14.95,5/12/2023,9/10/2023,8681,19,7/19/2023,Praise,Resolved,3/7/2023,1
20,Amanda,Campbell,65,Other,Address_20,Milwaukee,19458794873,amanda.campbell@kag.com,Savings,194.36,4/24/2017,3/2/2023,20,9/30/2023,Deposit,933.29,-738.93,61,20,28403.6,Mortgage,9.58,48,1/27/2021,Closed,20,MasterCard,7650.68,1076.46,53.82,5/24/2023,1/21/2023,3441,20,4/22/2023,Praise,Pending,10/4/2023,1
21,Ashley,Scott,59,Other,Address_21,Fresno,19458794874,ashley.scott@kag.com,Savings,1128.58,10/29/2016,8/30/2023,21,2/7/2023,Withdrawal,4278.95,-3150.37,29,21,28654.88,Personal,1.77,12,7/26/2020,Closed,21,MasterCard,1374.25,3559.98,178.0,1/31/2023,8/31/2023,1213,21,11/20/2023,Complaint,Pending,9/7/2023,1
22,Donna,King,69,Female,Address_22,San Antonio,19458794875,donna.king@kag.com,Current,8846.74,1/1/2005,10/10/2023,22,7/1/2023,Transfer,2249.62,11096.36,34,22,39707.1,Personal,3.17,48,10/28/2021,Rejected,22,MasterCard,6394.78,53.5,2.68,9/23/2023,12/5/2023,4035,22,8/7/2023,Complaint,Pending,12/10/2023,-1
23,Mary,Rodriguez,22,Other,Address_23,El Paso,19458794876,mary.rodriguez@kag.com,Savings,829.7,9/2/2011,8/13/2023,23,7/6/2023,Deposit,292.88,536.82,19,23,13151.23,Mortgage,3.86,60,2/20/2022,Closed,23,Visa,8026.74,1424.94,71.25,11/17/2023,3/17/2023,1533,23,2/20/2023,Complaint,Resolved,10/4/2023,1
24,Charles,Adams,30,Female,Address_24,San Antonio,19458794877,charles.adams@kag.com,Savings,3616.88,10/7/2014,8/10/2023,24,1/25/2023,Deposit,4395.73,8012.61,90,24,45875.84,Personal,2.38,60,3/7/2022,Rejected,24,AMEX,5693.7,2256.35,112.82,5/7/2023,6/3/2023,6245,24,10/4/2023,Suggestion,Resolved,12/10/2023,1
25,Steven,Ramirez,29,Male,Address_25,Boston,19458794878,steven.ramirez@kag.com,Savings,2578.13,6/4/2004,3/31/2023,25,11/29/2023,Transfer,2826.12,5404.25,5,25,26412.03,Mortgage,1.7,48,5/18/2020,Rejected,25,AMEX,1720.05,4563.01,228.15,5/29/2023,11/18/2023,6588,25,1/22/2023,Praise,Resolved,3/1/2023,1
26,Barbara,Hernandez,18,Female,Address_26,Chicago,19458794879,barbara.hernandez@kag.com,Current,464.86,10/1/2022,1/15/2023,26,5/22/2023,Transfer,999.63,1464.49,20,26,11004.46,Personal,2.46,48,11/3/2022,Approved,26,Visa,5608.25,4251.87,212.59,6/5/2023,11/8/2023,5749,26,2/17/2023,Complaint,Pending,4/14/2023,1
27,Lisa,Wilson,69,Male,Address_27,Kansas City,19458794880,lisa.wilson@kag.com,Savings,5361.52,7/27/2006,12/31/2023,27,5/4/2023,Withdrawal,1594.08,3767.44,78,27,21250.75,Personal,5.75,48,4/19/2021,Approved,27,AMEX,6736.21,1084.56,54.23,1/21/2023,7/4/2023,1470,27,12/15/2023,Suggestion,Pending,8/20/2023,1
28,Amanda,Hill,60,Female,Address_28,Oklahoma City,19458794881,amanda.hill@kag.com,Savings,9983.5,8/10/2018,7/4/2023,28,1/25/2023,Deposit,2851.17,12834.67,29,28,46244.6,Mortgage,6.37,36,10/23/2022,Approved,28,AMEX,6126.15,1530.42,76.52,11/16/2023,7/31/2023,2965,28,12/21/2023,Complaint,Pending,2/23/2023,1
29,Matthew,Campbell,36,Male,Address_29,Fresno,19458794882,matthew.campbell@kag.com,Savings,8544.77,11/12/2000,7/23/2023,29,10/18/2023,Transfer,1877.13,6667.64,3,29,24429.67,Auto,2.94,12,2/20/2022,Rejected,29,AMEX,7494.66,2591.92,129.6,9/20/2023,6/6/2023,2963,29,1/23/2023,Suggestion,Pending,6/10/2023,1
30,Ronald,Jackson,46,Female,Address_30,Baltimore,19458794883,ronald.jackson@kag.com,Current,1772.04,2/12/2015,2/10/2023,30,12/1/2023,Withdrawal,1174.58,597.46,84,30,43861.04,Auto,5.53,36,2/23/2022,Closed,30,Visa,3404.77,2181.1,109.06,2/18/2023,12/14/2023,8656,30,1/6/2023,Suggestion,Resolved,9/12/2023,1
31,Anthony,Anderson,64,Female,Address_31,San Francisco,19458794884,anthony.anderson@kag.com,Current,8854.73,9/15/2004,6/20/2023,31,6/24/2023,Withdrawal,2401.76,11256.49,25,31,8831.8,Auto,1.06,36,12/21/2021,Approved,31,AMEX,7278.03,3846.45,192.32,5/27/2023,6/11/2023,3298,31,5/12/2023,Praise,Pending,6/5/2023,1
32,Carol,Ramirez,67,Female,Address_32,Jacksonville,19458794885,carol.ramirez@kag.com,Current,4572.76,5/4/2010,9/25/2023,32,8/20/2023,Transfer,933.38,5506.14,69,32,45783.96,Auto,6.42,36,5/15/2022,Closed,32,Visa,3997.31,4756.24,237.81,1/3/2023,2/27/2023,6208,32,8/16/2023,Praise,Resolved,8/25/2023,1
33,Betty,White,65,Female,Address_33,Sacramento,19458794886,betty.white@kag.com,Current,2805.18,7/30/2003,7/15/2023,33,5/25/2023,Deposit,1234.44,1570.74,55,33,22100.32,Mortgage,1.01,60,8/21/2021,Closed,33,MasterCard,7417.07,3107.77,155.39,3/27/2023,10/22/2023,2387,33,5/9/2023,Complaint,Resolved,7/25/2023,1
34,Jessica,Davis,56,Other,Address_34,Oklahoma City,19458794887,jessica.davis@kag.com,Savings,6439.03,8/23/2005,9/7/2023,34,12/11/2023,Transfer,4135.4,10574.43,56,34,46870.22,Personal,6.78,60,9/2/2020,Rejected,34,Visa,5395.87,560.7,28.04,9/23/2023,5/11/2023,4561,34,7/22/2023,Complaint,Resolved,2/11/2023,1
35,Joseph,Nelson,59,Female,Address_35,Seattle,19458794888,joseph.nelson@kag.com,Current,2245.28,1/5/2002,7/14/2023,35,1/23/2023,Transfer,1150.42,3395.7,29,35,43437.85,Mortgage,5.35,36,3/10/2022,Closed,35,AMEX,8046.16,2208.16,110.41,7/30/2023,9/4/2023,2971,35,6/26/2023,Praise,Resolved,1/29/2023,1
36,Timothy,Rodriguez,42,Female,Address_36,Portland,19458794889,timothy.rodriguez@kag.com,Current,8808.55,7/8/2009,8/18/2023,36,8/12/2023,Withdrawal,3479.88,12288.43,41,36,33338.35,Mortgage,1.98,24,2/10/2021,Rejected,36,Visa,5522.52,2735.81,136.79,5/31/2023,10/18/2023,6543,36,1/17/2023,Complaint,Pending,11/14/2023,1
37,Amanda,Campbell,33,Other,Address_37,Mesa,19458794890,amanda.campbell@kag.com,Current,6279.42,7/28/2008,4/6/2023,37,5/2/2023,Withdrawal,1259.84,5019.58,2,37,33969.47,Mortgage,1.8,36,7/25/2022,Rejected,37,MasterCard,3589.1,4775.86,238.79,3/9/2023,3/13/2023,443,37,10/31/2023,Suggestion,Resolved,1/3/2023,1
38,Michael,Allen,34,Other,Address_38,El Paso,19458794891,michael.allen@kag.com,Current,1446.62,5/16/2002,8/6/2023,38,8/11/2023,Withdrawal,1069.87,2516.49,6,38,11363.89,Personal,1.06,24,4/8/2021,Rejected,38,AMEX,9908.09,1725.59,86.28,7/30/2023,12/10/2023,440,38,2/26/2023,Praise,Resolved,6/3/2023,1
39,Paul,Allen,45,Other,Address_39,Albuquerque,19458794892,paul.allen@kag.com,Savings,5749.42,7/20/2008,1/4/2023,39,8/18/2023,Transfer,1263.27,4486.15,59,39,30538.66,Auto,5.96,24,10/25/2020,Rejected,39,AMEX,3179.12,3347.7,167.38,2/20/2023,1/30/2023,9290,39,11/28/2023,Praise,Resolved,1/24/2023,1
40,John,Jackson,56,Other,Address_40,Jacksonville,19458794893,john.jackson@kag.com,Savings,5152.67,1/13/2020,1/5/2023,40,1/17/2023,Withdrawal,2346.81,2805.86,65,40,27925.28,Mortgage,8.26,12,12/16/2022,Rejected,40,MasterCard,4623.6,56.38,2.82,5/28/2023,3/21/2023,526,40,4/29/2023,Praise,Resolved,1/14/2023,1
41,Charles,Williams,60,Other,Address_41,Austin,19458794894,charles.williams@kag.com,Current,4767.41,8/13/2018,2/15/2023,41,10/12/2023,Transfer,739.94,4027.47,31,41,17373.2,Mortgage,8.71,48,11/4/2021,Rejected,41,Visa,7976.79,2183.5,109.18,2/24/2023,11/24/2023,1841,41,5/30/2023,Complaint,Pending,3/16/2023,1
42,David,Martinez,66,Other,Address_42,Kansas City,19458794895,david.martinez@kag.com,Current,3713.26,10/29/2015,11/27/2023,42,1/2/2023,Transfer,542.0,3171.26,91,42,25775.45,Personal,6.12,36,10/13/2022,Closed,42,MasterCard,5660.53,202.41,10.12,1/23/2023,10/20/2023,6292,42,5/24/2023,Complaint,Pending,3/9/2023,1
43,Joshua,Flores,22,Other,Address_43,Philadelphia,19458794896,joshua.flores@kag.com,Current,4794.63,6/23/2006,5/6/2023,43,9/24/2023,Withdrawal,3786.14,1008.49,46,43,46528.03,Personal,8.98,36,2/20/2020,Approved,43,AMEX,7147.73,1185.11,59.26,12/12/2023,3/20/2023,2095,43,5/26/2023,Praise,Resolved,11/19/2023,1
44,Karen,Campbell,18,Other,Address_44,Fresno,19458794897,karen.campbell@kag.com,Current,5901.51,3/21/2010,5/17/2023,44,1/16/2023,Transfer,126.28,5775.23,60,44,1259.98,Mortgage,8.76,36,5/14/2020,Approved,44,MasterCard,5391.71,2346.46,117.32,8/25/2023,1/9/2023,2285,44,11/14/2023,Complaint,Resolved,8/18/2023,1
45,Patricia,Adams,20,Other,Address_45,Mesa,19458794898,patricia.adams@kag.com,Savings,7362.34,5/3/2001,5/16/2023,45,12/3/2023,Withdrawal,1933.57,5428.77,46,45,21439.08,Personal,7.28,48,9/26/2022,Approved,45,AMEX,6494.58,2906.73,145.34,5/22/2023,6/15/2023,7103,45,12/28/2023,Praise,Resolved,7/6/2023,1
46,Matthew,Smith,65,Other,Address_46,Atlanta,19458794899,matthew.smith@kag.com,Savings,9186.97,6/2/2005,11/10/2023,46,1/21/2023,Transfer,1986.21,7200.76,19,46,17348.3,Mortgage,4.27,24,5/9/2020,Closed,46,AMEX,5610.23,4383.34,219.17,7/12/2023,6/6/2023,4173,46,4/12/2023,Praise,Pending,8/31/2023,1
47,Susan,Lewis,41,Other,Address_47,San Francisco,19458794900,susan.lewis@kag.com,Current,539.4,12/11/2005,12/25/2023,47,9/8/2023,Transfer,4466.28,-3926.88,1,47,48100.32,Mortgage,8.44,36,11/5/2021,Closed,47,MasterCard,9925.21,924.02,46.2,1/19/2023,10/23/2023,722,47,8/21/2023,Suggestion,Resolved,1/1/2023,1
48,Stephanie,Roberts,46,Male,Address_48,Omaha,19458794901,stephanie.roberts@kag.com,Current,5736.51,6/20/2012,11/15/2023,48,10/4/2023,Withdrawal,3874.71,9611.22,95,48,48720.82,Mortgage,4.53,36,2/17/2020,Rejected,48,MasterCard,2867.41,1543.14,77.16,1/27/2023,6/23/2023,5615,48,12/29/2023,Suggestion,Resolved,7/25/2023,1
49,David,King,32,Female,Address_49,Omaha,19458794902,david.king@kag.com,Current,7544.54,1/30/2021,7/8/2023,49,1/6/2023,Transfer,2558.28,10102.82,18,49,29697.37,Personal,4.63,48,4/5/2021,Approved,49,MasterCard,9023.88,2786.09,139.3,6/4/2023,8/9/2023,2212,49,2/2/2023,Suggestion,Resolved,3/18/2023,1
50,Sandra,Gonzalez,21,Female,Address_50,Fort Worth,19458794903,sandra.gonzalez@kag.com,Current,1243.99,3/2/2022,5/23/2023,50,10/29/2023,Transfer,2404.27,3648.26,7,50,27950.34,Auto,7.1,60,12/26/2022,Closed,50,Visa,5180.67,1063.32,53.17,2/11/2023,6/23/2023,2445,50,10/4/2023,Praise,Resolved,2/4/2023,1
51,Mary,Smith,61,Other,Address_51,Nashville,19458794904,mary.smith@kag.com,Current,9123.83,9/7/2021,3/14/2023,51,8/25/2023,Withdrawal,2832.35,6291.48,32,51,45257.41,Mortgage,9.35,48,3/21/2021,Rejected,51,AMEX,1226.63,4537.6,226.88,3/29/2023,4/2/2023,61,51,9/30/2023,Suggestion,Resolved,12/11/2023,-1
52,Sarah,King,18,Other,Address_52,Omaha,19458794905,sarah.king@kag.com,Current,2525.4,10/25/2015,6/27/2023,52,1/23/2023,Deposit,1795.56,4320.96,99,52,1320.58,Mortgage,5.5,48,11/25/2021,Approved,52,AMEX,9801.79,4369.68,218.48,11/29/2023,3/19/2023,2757,52,6/15/2023,Complaint,Pending,6/22/2023,1
53,Betty,Lewis,66,Male,Address_53,Denver,19458794906,betty.lewis@kag.com,Current,8349.99,6/3/2020,12/16/2023,53,11/10/2023,Withdrawal,3506.88,4843.11,96,53,28551.75,Mortgage,2.59,60,8/23/2020,Rejected,53,AMEX,8825.31,4434.35,221.72,8/5/2023,3/9/2023,2042,53,4/14/2023,Praise,Pending,12/7/2023,1
54,Timothy,Mitchell,32,Other,Address_54,Chicago,19458794907,timothy.mitchell@kag.com,Savings,6653.87,5/28/2014,8/14/2023,54,7/4/2023,Deposit,3433.5,3220.37,59,54,2206.99,Mortgage,2.28,12,12/12/2020,Approved,54,MasterCard,1662.19,3601.42,180.07,11/2/2023,6/16/2023,4735,54,11/17/2023,Praise,Resolved,2/6/2023,1
55,John,Campbell,41,Male,Address_55,Seattle,19458794908,john.campbell@kag.com,Savings,5639.51,1/24/2013,10/5/2023,55,8/12/2023,Transfer,2877.53,2761.98,65,55,48439.95,Mortgage,3.72,48,6/4/2020,Approved,55,AMEX,4451.64,4981.24,249.06,8/14/2023,6/29/2023,8927,55,3/31/2023,Praise,Pending,10/10/2023,1
56,Amanda,Gonzalez,69,Female,Address_56,Denver,19458794909,amanda.gonzalez@kag.com,Savings,8705.5,5/17/2007,8/26/2023,56,2/8/2023,Deposit,297.89,8407.61,97,56,16687.82,Auto,5.12,48,12/25/2022,Approved,56,MasterCard,8771.57,4130.99,206.55,4/8/2023,6/11/2023,8261,56,3/3/2023,Praise,Resolved,10/4/2023,1
57,Linda,Mitchell,48,Female,Address_57,Philadelphia,19458794910,linda.mitchell@kag.com,Current,9695.42,11/30/2022,4/4/2023,57,1/31/2023,Withdrawal,642.92,10338.34,12,57,26519.26,Mortgage,3.68,36,2/17/2020,Closed,57,MasterCard,5559.78,2479.94,124.0,7/5/2023,1/17/2023,2928,57,11/12/2023,Suggestion,Pending,2/27/2023,1
58,Timothy,Carter,37,Other,Address_58,Indianapolis,19458794911,timothy.carter@kag.com,Savings,9971.6,2/16/2021,11/26/2023,58,1/2/2023,Transfer,205.99,9765.61,45,58,21460.86,Personal,7.41,24,2/23/2021,Rejected,58,Visa,9315.29,3693.78,184.69,11/28/2023,4/26/2023,5456,58,4/21/2023,Suggestion,Pending,12/4/2023,1
59,Andrew,Lewis,27,Male,Address_59,San Diego,19458794912,andrew.lewis@kag.com,Current,6864.48,9/5/2012,7/16/2023,59,12/8/2023,Deposit,3595.39,3269.09,24,59,44787.58,Auto,5.88,24,9/28/2022,Rejected,59,AMEX,6365.93,479.28,23.96,6/14/2023,7/24/2023,3616,59,3/4/2023,Praise,Resolved,5/5/2023,1
60,Susan,Hill,28,Male,Address_60,Seattle,19458794913,susan.hill@kag.com,Current,3457.4,8/22/2004,3/5/2023,60,6/14/2023,Withdrawal,2393.22,1064.18,54,60,49991.08,Mortgage,4.66,48,3/29/2021,Closed,60,Visa,8287.3,4590.25,229.51,11/28/2023,7/9/2023,9195,60,4/8/2023,Praise,Resolved,12/16/2023,-1
61,Thomas,White,35,Female,Address_61,Colorado Springs,19458794914,thomas.white@kag.com,Current,8759.52,1/6/2009,5/30/2023,61,10/27/2023,Deposit,4775.36,13534.88,4,61,4351.01,Auto,2.92,24,10/7/2022,Approved,61,MasterCard,5051.49,4920.85,246.04,5/30/2023,11/30/2023,4132,61,10/11/2023,Praise,Resolved,1/2/2023,1
62,Margaret,Sanchez,51,Female,Address_62,Fort Worth,19458794915,margaret.sanchez@kag.com,Savings,6578.05,6/25/2004,5/21/2023,62,5/7/2023,Withdrawal,4762.12,1815.93,79,62,36869.53,Mortgage,6.45,36,4/6/2021,Approved,62,AMEX,1834.47,4285.04,214.25,6/23/2023,7/31/2023,8052,62,5/16/2023,Praise,Resolved,8/31/2023,1
63,Stephanie,Taylor,45,Male,Address_63,Jacksonville,19458794916,stephanie.taylor@kag.com,Savings,3300.96,12/15/2007,8/19/2023,63,11/15/2023,Transfer,3992.87,-691.91,96,63,19031.93,Auto,7.07,48,2/24/2020,Approved,63,AMEX,3042.97,177.97,8.9,11/12/2023,10/6/2023,130,63,12/25/2023,Praise,Pending,8/15/2023,-1
64,Michelle,Miller,55,Male,Address_64,San Antonio,19458794917,michelle.miller@kag.com,Current,9330.41,11/9/2012,9/2/2023,64,3/16/2023,Withdrawal,2220.81,7109.6,24,64,7814.57,Mortgage,8.06,48,1/7/2021,Rejected,64,AMEX,2220.55,826.04,41.3,9/20/2023,3/9/2023,2892,64,7/21/2023,Suggestion,Pending,1/30/2023,1
65,Patricia,Gonzalez,33,Female,Address_65,New York,19458794918,patricia.gonzalez@kag.com,Savings,7501.74,7/17/2009,10/30/2023,65,11/5/2023,Deposit,1588.59,5913.15,23,65,20866.44,Personal,9.92,48,3/2/2020,Rejected,65,AMEX,8216.62,527.51,26.38,7/11/2023,11/8/2023,1801,65,7/30/2023,Praise,Pending,12/3/2023,1
66,Mary,Jones,41,Male,Address_66,Mesa,19458794919,mary.jones@kag.com,Savings,4583.0,2/11/2020,12/13/2023,66,3/17/2023,Transfer,1012.86,5595.86,89,66,49909.18,Mortgage,3.08,36,12/10/2021,Rejected,66,MasterCard,9313.17,2128.26,106.41,8/11/2023,11/14/2023,6734,66,7/9/2023,Complaint,Resolved,2/21/2023,1
67,Jennifer,Sanchez,56,Female,Address_67,Nashville,19458794920,jennifer.sanchez@kag.com,Savings,4599.46,10/4/2016,10/4/2023,67,12/16/2023,Transfer,1170.15,5769.61,49,67,18520.8,Auto,1.14,24,10/23/2021,Approved,67,AMEX,3075.82,190.61,9.53,4/26/2023,9/30/2023,466,67,1/10/2023,Praise,Pending,4/25/2023,1
68,Carol,Carter,68,Male,Address_68,Atlanta,19458794921,carol.carter@kag.com,Savings,9959.69,2/6/2022,1/31/2023,68,10/2/2023,Withdrawal,4951.69,14911.38,90,68,14592.57,Personal,5.5,48,5/6/2021,Approved,68,AMEX,3895.3,4716.75,235.84,8/12/2023,6/4/2023,6101,68,2/21/2023,Praise,Resolved,9/9/2023,-1
69,Patricia,Williams,29,Other,Address_69,Las Vegas,19458794922,patricia.williams@kag.com,Current,3799.72,6/19/2013,2/7/2023,69,10/28/2023,Transfer,2656.44,6456.16,21,69,42462.4,Auto,9.32,60,11/14/2022,Approved,69,AMEX,7657.6,2925.25,146.26,4/3/2023,2/22/2023,71,69,2/9/2023,Suggestion,Resolved,5/21/2023,1
70,Mark,Miller,67,Female,Address_70,Boston,19458794923,mark.miller@kag.com,Current,1031.4,5/29/2020,2/8/2023,70,8/23/2023,Deposit,71.14,1102.54,70,70,43528.96,Auto,3.24,48,3/10/2021,Rejected,70,Visa,4900.65,2837.64,141.88,6/13/2023,3/3/2023,7405,70,11/26/2023,Complaint,Resolved,12/19/2023,1
71,Karen,Carter,59,Male,Address_71,San Antonio,19458794924,karen.carter@kag.com,Savings,5431.76,4/11/2020,6/13/2023,71,2/24/2023,Transfer,231.02,5200.74,22,71,17604.59,Mortgage,7.8,24,4/25/2022,Approved,71,AMEX,8291.94,2230.04,111.5,1/17/2023,10/19/2023,5695,71,3/2/2023,Suggestion,Resolved,5/23/2023,1
72,Sandra,Hill,24,Female,Address_72,San Francisco,19458794925,sandra.hill@kag.com,Savings,8860.06,12/25/2002,12/22/2023,72,7/18/2023,Withdrawal,2299.24,6560.82,75,72,15634.98,Personal,3.88,12,1/15/2022,Approved,72,Visa,3866.07,1689.29,84.46,5/21/2023,10/9/2023,6865,72,11/7/2023,Complaint,Resolved,9/6/2023,1
73,Amanda,Smith,53,Male,Address_73,Memphis,19458794926,amanda.smith@kag.com,Savings,5886.75,10/12/2018,9/24/2023,73,1/29/2023,Withdrawal,2222.97,3663.78,37,73,32716.79,Mortgage,4.52,12,3/17/2021,Closed,73,Visa,5748.09,2421.45,121.07,1/30/2023,10/1/2023,257,73,9/1/2023,Complaint,Resolved,5/3/2023,1
74,Kimberly,Carter,34,Other,Address_74,Baltimore,19458794927,kimberly.carter@kag.com,Current,7951.57,9/29/2010,3/10/2023,74,10/31/2023,Transfer,2033.74,9985.31,30,74,11053.75,Auto,9.53,12,10/5/2022,Rejected,74,AMEX,8505.91,2587.65,129.38,11/26/2023,7/25/2023,7360,74,4/23/2023,Praise,Pending,7/22/2023,1
75,Elizabeth,Taylor,66,Other,Address_75,San Antonio,19458794928,elizabeth.taylor@kag.com,Savings,643.16,9/23/2016,10/17/2023,75,11/24/2023,Deposit,4119.78,4762.94,31,75,24700.58,Personal,5.15,60,8/21/2020,Rejected,75,MasterCard,4149.29,3478.89,173.94,10/30/2023,3/10/2023,1339,75,6/24/2023,Suggestion,Pending,5/19/2023,-1
76,Margaret,Nelson,21,Other,Address_76,Tucson,19458794929,margaret.nelson@kag.com,Current,6766.61,1/1/2005,8/17/2023,76,3/4/2023,Transfer,3518.75,3247.86,33,76,7925.84,Mortgage,7.53,12,3/27/2022,Rejected,76,MasterCard,6771.04,826.25,41.31,3/2/2023,2/6/2023,5136,76,10/11/2023,Suggestion,Pending,3/31/2023,1
77,Susan,Harris,54,Female,Address_77,San Antonio,19458794930,susan.harris@kag.com,Savings,884.02,3/21/2019,9/18/2023,77,5/29/2023,Transfer,546.01,1430.03,76,77,15932.98,Auto,5.95,36,8/8/2020,Rejected,77,AMEX,6816.02,2876.14,143.81,12/8/2023,8/1/2023,1868,77,8/2/2023,Praise,Pending,5/29/2023,1
78,Donald,Williams,50,Other,Address_78,Las Vegas,19458794931,donald.williams@kag.com,Savings,5607.93,10/15/2013,1/20/2023,78,11/9/2023,Withdrawal,1819.77,3788.16,27,78,15576.59,Personal,7.88,36,8/22/2022,Closed,78,MasterCard,4167.36,2895.65,144.78,7/17/2023,2/2/2023,2974,78,10/4/2023,Suggestion,Resolved,9/11/2023,1
79,Deborah,Anderson,36,Female,Address_79,Austin,19458794932,deborah.anderson@kag.com,Current,5027.9,11/4/2014,3/4/2023,79,9/26/2023,Transfer,2987.43,2040.47,78,79,35050.1,Mortgage,3.86,12,5/5/2022,Closed,79,AMEX,7692.29,1834.95,91.75,10/13/2023,1/20/2023,9311,79,4/15/2023,Praise,Resolved,8/22/2023,1
80,Joseph,Lewis,43,Other,Address_80,Dallas,19458794933,joseph.lewis@kag.com,Current,9461.48,2/24/2002,10/28/2023,80,6/4/2023,Deposit,1918.62,11380.1,58,80,14831.38,Personal,8.89,12,12/12/2022,Closed,80,AMEX,5756.9,4821.45,241.07,1/21/2023,7/17/2023,5682,80,10/20/2023,Praise,Pending,6/16/2023,1
81,Linda,Nelson,28,Female,Address_81,Fort Worth,19458794934,linda.nelson@kag.com,Current,1411.4,10/6/2018,6/19/2023,81,7/15/2023,Deposit,1049.44,361.96,1,81,45026.29,Personal,5.94,24,9/14/2020,Closed,81,AMEX,6346.33,3725.51,186.28,8/7/2023,8/24/2023,8898,81,6/17/2023,Complaint,Resolved,12/16/2023,1
82,Susan,Young,48,Other,Address_82,Sacramento,19458794935,susan.young@kag.com,Current,193.96,10/11/2010,1/13/2023,82,12/10/2023,Deposit,3143.98,-2950.02,64,82,49169.26,Mortgage,3.78,36,2/22/2022,Approved,82,MasterCard,4514.98,3553.84,177.69,10/30/2023,4/30/2023,4919,82,5/6/2023,Complaint,Resolved,4/4/2023,1
83,Daniel,Sanchez,18,Male,Address_83,Houston,19458794936,daniel.sanchez@kag.com,Savings,1459.81,5/16/2008,5/17/2023,83,4/15/2023,Deposit,3015.22,4475.03,72,83,4972.02,Auto,1.34,24,2/24/2021,Approved,83,MasterCard,1809.62,4365.64,218.28,7/22/2023,5/4/2023,9222,83,8/13/2023,Praise,Resolved,3/19/2023,1
84,Michelle,Thomas,57,Male,Address_84,Mesa,19458794937,michelle.thomas@kag.com,Current,1789.99,7/6/2015,8/12/2023,84,9/22/2023,Deposit,4873.3,-3083.31,72,84,20484.73,Mortgage,1.12,24,11/6/2020,Closed,84,AMEX,7285.15,1694.55,84.73,5/21/2023,7/11/2023,6577,84,10/30/2023,Complaint,Pending,7/11/2023,1
85,Charles,Harris,53,Female,Address_85,Louisville,19458794938,charles.harris@kag.com,Current,2584.02,1/10/2010,4/4/2023,85,3/15/2023,Transfer,2809.74,-225.72,93,85,15790.21,Mortgage,4.18,12,12/14/2022,Approved,85,AMEX,4087.24,1063.35,53.17,4/12/2023,10/31/2023,697,85,3/4/2023,Praise,Resolved,4/13/2023,1
86,Jessica,Ramirez,46,Other,Address_86,San Jose,19458794939,jessica.ramirez@kag.com,Current,8169.38,6/2/2018,6/26/2023,86,3/16/2023,Deposit,4372.74,3796.64,26,86,18247.52,Personal,2.94,24,8/3/2020,Rejected,86,MasterCard,6476.25,2191.43,109.57,3/25/2023,12/9/2023,4225,86,8/23/2023,Suggestion,Resolved,3/18/2023,1
87,Brian,Rodriguez,42,Other,Address_87,El Paso,19458794940,brian.rodriguez@kag.com,Savings,3831.12,4/12/2013,12/14/2023,87,4/7/2023,Deposit,4746.49,8577.61,90,87,14002.39,Mortgage,1.47,12,11/24/2021,Approved,87,AMEX,9170.78,2987.74,149.39,3/7/2023,12/16/2023,8866,87,7/2/2023,Complaint,Pending,2/24/2023,1
88,Karen,Smith,64,Male,Address_88,Denver,19458794941,karen.smith@kag.com,Current,8423.5,10/19/2015,12/23/2023,88,8/29/2023,Transfer,2179.57,10603.07,49,88,19750.58,Personal,5.98,12,9/8/2020,Approved,88,Visa,8514.73,2788.0,139.4,8/8/2023,4/13/2023,7888,88,7/7/2023,Complaint,Pending,3/19/2023,1
89,Timothy,Lewis,66,Other,Address_89,Atlanta,19458794942,timothy.lewis@kag.com,Savings,2792.15,7/2/2021,6/5/2023,89,5/19/2023,Transfer,273.94,3066.09,84,89,7929.32,Auto,9.9,48,8/30/2020,Approved,89,Visa,6663.31,1102.03,55.1,5/26/2023,3/21/2023,4072,89,3/3/2023,Praise,Pending,2/19/2023,1
90,Nancy,Perez,35,Other,Address_90,Colorado Springs,19458794943,nancy.perez@kag.com,Savings,8619.36,6/22/2022,5/1/2023,90,4/19/2023,Deposit,726.04,7893.32,44,90,14711.1,Personal,4.8,36,8/19/2020,Approved,90,MasterCard,3047.11,1343.47,67.17,8/11/2023,8/7/2023,1434,90,8/1/2023,Suggestion,Resolved,8/25/2023,1
91,Sandra,Thomas,20,Female,Address_91,Las Vegas,19458794944,sandra.thomas@kag.com,Current,180.1,11/25/2016,6/20/2023,91,1/28/2023,Deposit,2524.81,2704.91,43,91,37643.08,Mortgage,5.97,60,1/21/2020,Closed,91,Visa,5646.98,4628.69,231.43,5/28/2023,2/11/2023,6763,91,2/24/2023,Complaint,Pending,4/8/2023,1
92,Matthew,Green,35,Male,Address_92,Indianapolis,19458794945,matthew.green@kag.com,Savings,9351.9,3/12/2022,7/17/2023,92,4/12/2023,Withdrawal,4465.86,4886.04,49,92,17858.28,Mortgage,2.98,36,7/20/2021,Approved,92,MasterCard,4373.69,405.51,20.28,9/27/2023,11/30/2023,1807,92,1/3/2023,Complaint,Pending,5/11/2023,1
93,Brian,Baker,24,Other,Address_93,Tucson,19458794946,brian.baker@kag.com,Current,7485.89,11/29/2002,6/18/2023,93,12/16/2023,Deposit,3274.12,10760.01,52,93,11183.91,Mortgage,2.84,60,7/4/2022,Approved,93,Visa,6319.51,2520.25,126.01,9/2/2023,7/21/2023,7430,93,9/29/2023,Praise,Pending,8/18/2023,1
94,Kenneth,Green,45,Other,Address_94,Fort Worth,19458794947,kenneth.green@kag.com,Savings,4186.03,7/4/2002,6/21/2023,94,4/29/2023,Deposit,1015.39,3170.64,71,94,6313.76,Auto,3.96,48,9/4/2022,Rejected,94,MasterCard,7582.01,2373.34,118.67,7/19/2023,9/12/2023,2695,94,2/22/2023,Suggestion,Resolved,7/27/2023,1
95,Mark,Miller,34,Female,Address_95,Fresno,19458794948,mark.miller@kag.com,Savings,5815.62,8/18/2004,6/6/2023,95,3/13/2023,Withdrawal,3508.21,9323.83,32,95,18052.2,Mortgage,8.52,48,6/18/2021,Closed,95,Visa,7536.36,1916.85,95.84,12/12/2023,3/17/2023,2170,95,2/24/2023,Praise,Pending,4/26/2023,1
96,Joseph,Wilson,42,Female,Address_96,San Antonio,19458794949,joseph.wilson@kag.com,Current,9336.87,12/24/2016,11/20/2023,96,1/27/2023,Transfer,4472.15,13809.02,55,96,32527.05,Mortgage,9.65,36,9/5/2022,Rejected,96,MasterCard,1512.66,3918.05,195.9,10/27/2023,12/26/2023,1024,96,11/12/2023,Complaint,Resolved,4/26/2023,1
97,Brian,Lewis,35,Female,Address_97,Austin,19458794950,brian.lewis@kag.com,Current,5867.35,3/24/2008,7/29/2023,97,5/30/2023,Transfer,160.83,5706.52,18,97,13411.94,Personal,7.66,48,9/22/2020,Approved,97,Visa,4355.01,4612.91,230.65,10/4/2023,11/17/2023,2512,97,2/24/2023,Suggestion,Resolved,7/25/2023,1
98,James,Jackson,69,Female,Address_98,Milwaukee,19458794951,james.jackson@kag.com,Savings,2362.83,12/21/2013,10/8/2023,98,6/19/2023,Transfer,1221.63,3584.46,86,98,21699.84,Mortgage,1.19,48,10/18/2022,Approved,98,AMEX,4510.45,4986.37,249.32,10/6/2023,1/14/2023,7899,98,5/26/2023,Praise,Resolved,6/23/2023,1
99,Matthew,Jackson,57,Other,Address_99,Memphis,19458794952,matthew.jackson@kag.com,Current,5771.45,4/24/2009,7/15/2023,99,6/9/2023,Deposit,774.37,6545.82,59,99,47667.53,Personal,4.95,12,5/12/2021,Rejected,99,MasterCard,2685.39,613.7,30.68,7/30/2023,7/22/2023,3175,99,9/17/2023,Suggestion,Pending,2/10/2023,1
100,John,Johnson,60,Other,Address_100,San Jose,19458794953,john.johnson@kag.com,Current,8727.33,10/15/2004,9/27/2023,100,5/22/2023,Withdrawal,3922.67,12650.0,29,100,28065.78,Auto,4.79,48,8/1/2022,Rejected,100,AMEX,5380.02,214.28,10.71,1/3/2023,4/1/2023,8789,100,8/22/2023,Praise,Resolved,3/31/2023,1